9.577561343407121897e-02,4.473818886608684625e-02,-3.720067537598530007e-03
3.525802755322387291e-03,5.774835252055402629e-02,-3.248337820517301685e-03
-6.096349754332984483e-02,8.859813832126492428e-02,-5.293170218643573899e-02
-1.198267934630067033e-01,1.090406365378443210e-01,-8.131498880085495651e-02
-8.302879453332992488e-02,1.355413834358213943e-01,-1.059860469932701610e-01
-3.792781622113761825e-02,1.275856038764063560e-01,-1.017895891327678382e-01
-1.997081680544534887e-01,1.279983036600378654e-01,-1.193320418694949758e-01
-2.239457148554829524e-01,1.468440612298682890e-01,-1.259408544109038020e-01
-2.719347549044932588e-01,1.550155932114099799e-01,-1.223505119624644644e-01
-1.872218696603049626e-01,1.562205825420930894e-01,-1.226770757973285608e-01
-1.859346173125263624e-01,1.569479952281332968e-01,-1.399994589627106267e-01
-2.632274023474411861e-01,1.713710651139345731e-01,-1.300244190993060933e-01
-1.070416087481809997e-01,1.850291152677049356e-01,-1.160987382177202376e-01
-9.528229180438477219e-02,1.553721942998037842e-01,-1.236893252416467331e-01
-1.024230950941086710e-01,1.551417514060824676e-01,-1.157776290461966923e-01
-3.635999639447662357e-02,1.338895795068850980e-01,-1.325440034730070438e-01
-5.193240937843075777e-02,1.180960189179094677e-01,-1.079961225405932507e-01
-8.952972150768821746e-02,1.017229565407483105e-01,-1.063366778685396058e-01
-1.750056169843842713e-01,9.430517851359994375e-02,-8.565083840626085132e-02
-1.769374383803211936e-01,1.012588127465835486e-01,-7.366222326010374299e-02
-2.838809077640024880e-01,1.113760808341676539e-01,-5.573846880390209702e-02
-2.061233810285942603e-01,1.434645691935913236e-01,-5.312810938737364680e-02
-2.301485595681409535e-01,1.948483429366268949e-01,-5.742406734810861363e-02
-3.845542979834586927e-01,2.235348571134357087e-01,-4.694287581299672746e-02
-3.992648660096816404e-01,2.478217737144865485e-01,-6.362630618410529404e-02
-2.307149197671715113e-01,2.712762839424448513e-01,-9.245903798420465614e-02
-1.749042760060979529e-01,2.749962848488158862e-01,-1.066303359072648810e-01
-2.034374526399417848e-01,2.756541707316907952e-01,-1.488747892163175546e-01
-1.518604158337175380e-01,2.651915071560218551e-01,-1.754061724462612493e-01
-1.062075382706992033e-01,2.646486839638483857e-01,-2.275617795554762401e-01
-7.974371204636945820e-02,2.619384469759958867e-01,-2.580326255660853607e-01
8.113073218947797205e-02,2.616652541604044258e-01,-2.854592848710529318e-01
1.427256357895379801e-01,2.639447200588083131e-01,-3.130682608841758863e-01
8.469041482796689502e-02,2.668508627680472034e-01,-3.392675954591500287e-01
1.344839332733783754e-01,2.732451072296430139e-01,-3.610502266841162933e-01
1.215207832155632967e-01,2.628430259907208466e-01,-3.913612954181492354e-01
9.539168098192082890e-02,2.518011222875760069e-01,-4.094170043061504116e-01
5.036756523290656512e-02,2.424242287509657257e-01,-4.072216769409399140e-01
4.740949958358376543e-02,2.252346667628020993e-01,-3.890215892116279939e-01
-1.082776579242901785e-02,2.190477342449884124e-01,-3.657368635365783049e-01
9.045926335088065595e-02,1.973206370582465952e-01,-3.519935541629453657e-01
1.219092724400970031e-02,1.961717251107820692e-01,-3.473093744137872863e-01
7.679474483976450605e-02,1.923471148505102868e-01,-3.348974402533908545e-01
1.187234390121140598e-01,2.009657319306667467e-01,-3.157918077419610836e-01
1.304606906732467264e-01,2.072053450051768997e-01,-2.809483967622452005e-01
1.923040572477060228e-01,2.240942533970091965e-01,-2.765027625100411335e-01
1.891755937780059404e-01,2.291930910488236828e-01,-2.928211664796781522e-01
1.702664637259165559e-01,2.416049178522348684e-01,-2.962774031781004180e-01
2.817808951054094901e-01,2.612784527889032704e-01,-2.573649040911820673e-01
2.798184346195665695e-01,2.477165780483065738e-01,-2.535690095387580500e-01
2.535910117444740153e-01,2.533051717608679199e-01,-2.885568942931098224e-01
2.406954295517743647e-01,2.582722340360868452e-01,-3.068870666760701305e-01
1.846271746338854769e-01,2.628812022319834130e-01,-2.935524721948211679e-01
1.805307091064334846e-01,2.643049422249914016e-01,-2.628187390856454586e-01
1.229856594176444440e-01,2.633149703619505066e-01,-2.489575551609874982e-01
3.323200224406642200e-01,2.931646121549212891e-01,-2.514745431325269842e-01
2.534195749852363178e-01,3.016897558913948507e-01,-2.468150885432510711e-01
2.407748799734268641e-01,3.123737359405454606e-01,-2.284595868195389567e-01
2.831455954993342128e-01,3.059119001483426303e-01,-2.235516863464611925e-01
1.626507720380216959e-01,3.221280648231878430e-01,-2.290055820262575093e-01
1.406895865523024869e-01,3.215695797660242938e-01,-2.472013270710724520e-01
1.853134577009294404e-01,3.183153569166397578e-01,-2.618573202742964234e-01
1.750659772495260225e-01,3.236023191843604985e-01,-2.422521415408264989e-01
1.638155236146949800e-01,3.270282326134505424e-01,-2.494057043301760035e-01
2.738907006674405342e-01,3.198715569443011386e-01,-2.524464352260019639e-01
3.139574908537625109e-01,3.319013503157351441e-01,-2.514994554637862145e-01
3.585843054970673238e-01,3.365241664706902225e-01,-2.472542105584003558e-01
3.609958823937038375e-01,3.280697328230451904e-01,-2.464536197249581617e-01
3.406197228311496072e-01,3.258386054228818995e-01,-2.549563104060355578e-01
4.283272859498372109e-01,3.400346529487279779e-01,-2.458955903096561313e-01
4.444145622646342719e-01,3.441512803992712310e-01,-2.356643649062662993e-01
3.276666707680795931e-01,3.442615093263505788e-01,-2.368593331391591339e-01
4.286440428507076184e-01,3.523552425214954709e-01,-2.404152104500402454e-01
3.140864363045154373e-01,3.844297319246455236e-01,-2.558835523209301299e-01
3.158317485906925737e-01,4.072926552674344669e-01,-2.713346839762395546e-01
2.829274433010139922e-01,4.329586900822168793e-01,-2.547690108335323167e-01
2.873799516364035078e-01,4.680897244959017489e-01,-2.318361647612489085e-01
3.521404593047591236e-01,4.723977770682812327e-01,-2.322942664364337495e-01
3.761345278118143898e-01,4.538195970331622142e-01,-2.507836321825471226e-01
2.670962166692535389e-01,4.166199624886202657e-01,-2.667618676400918543e-01
2.509181237663220543e-01,3.664004751306129681e-01,-2.782921927937854201e-01
2.803310382848034354e-01,3.357903495042189324e-01,-2.608994949064127877e-01
3.540281490993316682e-01,3.235348743364893087e-01,-2.376131600918649500e-01
4.827382185915511936e-01,3.202940170813954879e-01,-2.231376052613058825e-01
4.236186409451955792e-01,3.455703877496457133e-01,-1.899355619927159122e-01
3.965993075237421173e-01,3.664297200619740513e-01,-1.757855546983311534e-01
2.939791219939506539e-01,4.063213749418842502e-01,-1.911849250244309351e-01
1.936200290546651048e-01,4.051591248623357400e-01,-2.426545082048650326e-01
2.759918913194396861e-01,3.969212037919306879e-01,-2.763252321736219819e-01
2.839541501226291453e-01,3.802387067788043362e-01,-2.744388297857625059e-01
1.251189783498166952e-01,3.500585400281899240e-01,-2.582387613130205373e-01
1.526809337750495155e-01,3.405747684549200183e-01,-2.325999324871627083e-01
2.434124604218557697e-01,3.367066688122619111e-01,-2.283010586221276839e-01
2.678340034536299541e-01,3.467080416558537825e-01,-2.226503129390672020e-01
2.352157010784576840e-01,3.603433666433497051e-01,-2.187808784320761646e-01
2.590536797789802503e-01,3.735035658523804258e-01,-2.333286710839859168e-01
1.681935812123772911e-01,4.019341225320919864e-01,-2.129624125726861661e-01
1.528094813170116917e-01,4.244455348372462855e-01,-1.710753975987693021e-01
1.622506140801935337e-01,4.444664260132374922e-01,-1.317607183610443322e-01
1.279216420365363038e-01,4.719268738993730450e-01,-1.306173448410634097e-01
3.990570643269235329e-02,4.867871248621268854e-01,-1.640045703707554425e-01
2.127205670543102708e-02,5.075902509002377938e-01,-1.763993540858748432e-01
-8.257081691817078073e-02,5.070946492314156728e-01,-1.991240130696393107e-01
-1.581895615221578233e-01,5.033510545454318308e-01,-2.032186222436861145e-01
-2.351388160168234043e-01,5.117154025879135926e-01,-2.132337744743526275e-01
-2.502232210352459685e-01,5.104176074344587422e-01,-2.089113388320296139e-01
-2.545510171748792683e-01,4.890961906269092885e-01,-1.797981716128748131e-01
-3.941552510809675502e-01,4.705366754448215283e-01,-1.872141288400493153e-01
-3.912947823036871942e-01,4.414778258490236196e-01,-2.209547158827517843e-01
-4.928658119099350032e-01,4.047813801551234381e-01,-2.493303340639988486e-01
-5.541324579919930660e-01,3.760431360192875716e-01,-2.255297791986634603e-01
-5.443685031413969533e-01,3.462309481216532814e-01,-2.100186644302774464e-01
-5.783765395845280599e-01,3.252189165445412145e-01,-2.203212827129201468e-01
-6.678854572077989049e-01,3.030785726446362793e-01,-2.176713038686011181e-01
-5.566081288224018486e-01,2.728078408896655316e-01,-2.019641711000028372e-01
-6.914406909957219183e-01,2.500925347620190364e-01,-1.802535024903996752e-01
-7.535913709355518408e-01,2.193151793911976288e-01,-1.684795677165092376e-01
-6.952387643262579742e-01,1.945187469283981008e-01,-1.524694296320642239e-01
-6.178251086752490906e-01,1.828322689481401420e-01,-1.200252594982424981e-01
-5.442483567038923775e-01,1.659042879970146767e-01,-7.293689305015087221e-02
-6.151519799719151749e-01,1.551736342677541014e-01,-6.640610124049091401e-02
-4.373503271449769025e-01,1.503202961893165546e-01,-7.254887353555011797e-02
-4.771499975862689702e-01,1.251894405495589668e-01,-5.489017802379503319e-02
-4.279906024815123833e-01,1.127234013159491705e-01,-4.198541601950960683e-02
-3.426187636348791421e-01,1.226314084450779995e-01,-2.073403267765995886e-02
-3.144883484899541615e-01,1.188433911177431551e-01,-2.647271283748911172e-02
-2.578265062498282800e-01,1.147505316567463962e-01,-4.349067686731450388e-02
-2.200682328736756344e-01,1.261804749642928547e-01,-7.777244085270293428e-02
-8.911215424171192723e-02,1.254783268789495809e-01,-1.059522069103207981e-01
-3.770506771223151171e-02,1.277240258468538836e-01,-1.243699750247679453e-01
2.180779349970192738e-01,1.555761279053482771e-01,-7.596142304269831724e-02
2.387514632704622330e-01,1.686603882297216528e-01,-2.486087979647140164e-02
2.657727945991660845e-01,1.909740708191565439e-01,-7.281524925183820336e-03
2.576106077400602268e-01,2.242857264791418559e-01,-2.270865766956028584e-03
3.305677749145635169e-01,2.699767048320900198e-01,-1.246967922426194843e-02
4.015223388920862724e-01,2.993091367762271693e-01,-3.143254575693178732e-02
3.860194233372644113e-01,3.259322634018479437e-01,-2.453866168681714116e-02
3.961109760297482629e-01,3.378741841370375698e-01,-3.045921872572966010e-02
4.396932596104750068e-01,3.180565570759112948e-01,-3.289625362808041437e-02
4.401103280891879299e-01,3.052241228591039413e-01,-7.393645119729595760e-02
6.385074889253836705e-01,2.692817827985662382e-01,-1.058613524747816642e-01
4.975373966582904983e-01,2.390317080378276116e-01,-1.534218286445751533e-01
5.272152365097616533e-01,2.188130966766236862e-01,-1.576034048641639651e-01
6.023992915797469205e-01,2.013885547360173833e-01,-1.364762384807957918e-01
6.482999719567485997e-01,1.788901011489686110e-01,-1.795164114971739833e-01
7.057256709030657049e-01,1.363083330524050840e-01,-1.939065932502813117e-01
7.128246206440246313e-01,8.570636967267741824e-02,-1.797184612138760240e-01
7.295612889600183726e-01,2.403272929141815270e-02,-1.409413627327246177e-01
9.089869150430263112e-01,-3.397504675479328523e-02,-1.346071101577030749e-01
8.285282770215101067e-01,-8.305218579827397529e-02,-1.438880691868133221e-01
8.266629911158126509e-01,-1.110926532329034599e-01,-1.522012014016089765e-01
8.677712082923929593e-01,-1.430035944480316235e-01,-1.847938835719550865e-01
8.776175475521382774e-01,-1.872809429118807711e-01,-1.915972992939652397e-01
9.904825809817682236e-01,-2.444398378238699099e-01,-1.976780849410132712e-01
1.122057618315291272e+00,-3.204395793343060017e-01,-2.031823687994737115e-01
1.219285712643291886e+00,-3.947608038414119336e-01,-2.399236407460415832e-01
1.164550654298390553e+00,-4.637333005963341637e-01,-2.919475434369093736e-01
1.244768986686837664e+00,-5.378982582994875639e-01,-3.372321007097545675e-01
1.450131583576941940e+00,-6.119357089752737178e-01,-3.506931567698781671e-01
1.447587012719336874e+00,-6.788398556087479330e-01,-3.181854177171096199e-01
1.695996724871474903e+00,-7.599967624345792538e-01,-2.666870021364167731e-01
1.751428434703586667e+00,-8.665970759633770948e-01,-2.576060910104800428e-01
2.066568507157275469e+00,-9.625617841916496165e-01,-2.588033260539350788e-01
2.149279787773558770e+00,-1.080692517108699180e+00,-2.568696213188036981e-01
2.343677176947228435e+00,-1.184598466794759997e+00,-2.267105831692479145e-01
2.441237493634099476e+00,-1.287259196266111072e+00,-1.914215493578476091e-01
2.632180577737567972e+00,-1.434193882614663851e+00,-1.408275341576260276e-01
2.827081518732021514e+00,-1.541702632942829609e+00,-1.364702801895811834e-01
2.813055854210353868e+00,-1.650498229648779347e+00,-1.793773946236291994e-01
2.949812345636176225e+00,-1.760061538571241924e+00,-1.938992921474736175e-01
3.260642448206053867e+00,-1.880463299976542713e+00,-1.548452747825541653e-01
3.256613022731176255e+00,-1.994913780342859821e+00,-1.117430633255194622e-01
3.128402737673399603e+00,-2.140483996416875812e+00,-1.206793193362372396e-01
3.430738265647461649e+00,-2.277838023400281298e+00,-1.924375233521100625e-01
3.324734362200165716e+00,-2.462403976549555562e+00,-2.043627313283132851e-01
3.418024443100469156e+00,-2.589459203172003399e+00,-1.772922808544419304e-01
3.380301756007054070e+00,-2.736996130516109460e+00,-1.880378849123016671e-01
3.504559651678899712e+00,-2.895590415190450351e+00,-2.089623554595653743e-01
3.391941936950608305e+00,-3.014549866495611852e+00,-2.498829351336480931e-01
3.446911946443502739e+00,-3.113033064865179167e+00,-2.459672690158118402e-01
3.388678887218240732e+00,-3.240313119811474962e+00,-2.788995749247984435e-01
3.265415779988598555e+00,-3.373030747602828061e+00,-3.019655001304804021e-01
3.370185969831011263e+00,-3.505975139991006184e+00,-3.553393969728599333e-01
3.281875830727142063e+00,-3.694090535024284083e+00,-3.684380682424348019e-01
3.219005116202982020e+00,-3.848944165561458242e+00,-3.881755708488332512e-01
2.928613240987767874e+00,-4.057840620187639580e+00,-3.417176961039001259e-01
2.955914819716568775e+00,-4.220256349984750521e+00,-3.683015424623173883e-01
2.661303459058869336e+00,-4.480783477736048681e+00,-3.450987783659038022e-01
2.691407517182114351e+00,-4.694674579900048883e+00,-3.614561830030805778e-01
2.582664280610420970e+00,-4.909106205060171035e+00,-3.573933971818589184e-01
2.482595918404138402e+00,-5.107657384588242699e+00,-3.455231902100223684e-01
2.543276078691758979e+00,-5.245056904025504174e+00,-3.666976522920968318e-01
2.489762629190923615e+00,-5.461959109167172421e+00,-3.391247136010148155e-01
2.610509896405940555e+00,-5.573022559584932978e+00,-3.365296628917932020e-01
2.862413237231089091e+00,-5.721319929075708188e+00,-4.146269978753027718e-01
2.747611617617105928e+00,-5.924142702457833032e+00,-4.473485399608015944e-01
2.611002638710895773e+00,-6.113867792373966381e+00,-4.591625056604561328e-01
2.479811522491297104e+00,-6.331801609907208750e+00,-4.626065467764629568e-01
2.412458698240157240e+00,-6.526908356436978309e+00,-4.522369928376130943e-01
2.304492689225978275e+00,-6.723315167852595309e+00,-4.657494099656376285e-01
2.442519512566271089e+00,-6.909941407108147970e+00,-4.947283274661497532e-01
2.406535571613813485e+00,-7.126811476549327118e+00,-4.610428065276119813e-01
2.395686728422076861e+00,-7.320037858556561083e+00,-4.738663892194977523e-01
2.329738296396087982e+00,-7.496790445812875348e+00,-4.713665609776974685e-01
2.489974284888981870e+00,-7.649138350561877964e+00,-4.584496802014106365e-01
2.563062831517529894e+00,-7.806664061399158250e+00,-4.658245470367694541e-01
2.486026560789245998e+00,-7.968059981067392883e+00,-4.853078406418672719e-01
2.293559982810143616e+00,-8.148195099375859840e+00,-4.884876270115319219e-01
2.513245334548854792e+00,-8.363235316300890787e+00,-5.245647619481947910e-01
2.463430158368713929e+00,-8.589839235596151923e+00,-5.753148702005305148e-01
2.448803495945595099e+00,-8.783523921339314811e+00,-5.900609848372889710e-01
2.240349160332351097e+00,-8.993269256955436219e+00,-5.478391472894296177e-01
2.325661422607673057e+00,-9.180868377000164671e+00,-5.284177969486559823e-01
2.386444145701867470e+00,-9.375803115540744415e+00,-5.519479570485112951e-01
2.744677241719576610e+00,-9.593710626104378747e+00,-5.503799206903710051e-01
2.433479944241884407e+00,-9.749102223277828827e+00,-5.656612651112478130e-01
2.516864644341906931e+00,-9.964978797293005286e+00,-5.346233242302151911e-01
2.459967088201945096e+00,-1.014321670664650377e+01,-4.734103579951370322e-01
2.584056133524040177e+00,-1.035288321963563796e+01,-5.071312144580308878e-01
2.633646697196866615e+00,-1.055605713169638626e+01,-5.900703976683356888e-01
2.533540883644137764e+00,-1.077729591241667073e+01,-6.564304247643195644e-01
2.721151534745658740e+00,-1.094759800690774476e+01,-6.072095752285188164e-01
2.559216239379342284e+00,-1.116044986838616992e+01,-6.688773646604223577e-01
2.444413399757416006e+00,-1.133371700663187376e+01,-6.755744942667869513e-01
2.166798250783167124e+00,-1.148725593553658086e+01,-7.076258599075134770e-01
2.009023341736470680e+00,-1.164337829453906892e+01,-7.184823264004918109e-01
2.179691952333942861e+00,-1.181284772759494928e+01,-6.959868373456933321e-01
2.072857059110896571e+00,-1.198976012252536982e+01,-6.867101813692720880e-01
1.963387672209104151e+00,-1.217158573076911843e+01,-6.958539527775052802e-01
1.999139964024474470e+00,-1.239891978375001180e+01,-7.149537667344597613e-01
1.714217363907393432e+00,-1.264435334937617306e+01,-6.909120164845626855e-01
1.821850548289940752e+00,-1.291332189809275555e+01,-7.117052251706570409e-01
1.795176883836008042e+00,-1.318087922564199310e+01,-7.197032941023330244e-01
1.806664990024718476e+00,-1.346181268604993697e+01,-7.600162711262327120e-01
1.936271190498533912e+00,-1.371783682882483291e+01,-7.989821949896823705e-01
1.759977237484816159e+00,-1.395028513742868093e+01,-7.868997927209447907e-01
1.959631371210027728e+00,-1.416132276484076513e+01,-8.146542287323109699e-01
1.953550468965172371e+00,-1.434899288148094065e+01,-8.790469338744038019e-01
2.193800267316834862e+00,-1.451329257121462035e+01,-9.149932585563497200e-01
2.360176794996573069e+00,-1.467492392111103072e+01,-9.371570142858743901e-01
2.542668514383506384e+00,-1.484518396023236164e+01,-9.818057011754584007e-01
2.810629370033318253e+00,-1.503052350761362810e+01,-1.017462270799637913e+00
3.077317699334995549e+00,-1.522319633602295497e+01,-1.012242099996755407e+00
3.028236404884312893e+00,-1.539850680260562577e+01,-1.014178402259216627e+00
3.078995814740601578e+00,-1.556428182614002509e+01,-1.009857462319816435e+00
2.527182228036771505e+00,-1.573730988621946025e+01,-9.910276724675026738e-01
2.864701885543594617e+00,-1.591085100962590637e+01,-9.973157528581875209e-01
3.130556671017911352e+00,-1.610379903960104642e+01,-1.033372894842454537e+00
2.967770072282453153e+00,-1.631144707781524872e+01,-1.075303508014610054e+00
3.010940939012326290e+00,-1.652106864525504548e+01,-1.142705343691131858e+00
2.802532226351482691e+00,-1.675846585451536441e+01,-1.211097836789534643e+00
2.760044814612151232e+00,-1.699691845547993196e+01,-1.256933075934847377e+00
2.766126038686203881e+00,-1.724732796820502756e+01,-1.325108003994666550e+00
2.756504340178929535e+00,-1.747820933155586687e+01,-1.381011142179656925e+00
2.551526555035334098e+00,-1.772164847131528731e+01,-1.404833659897249953e+00
2.660598090908853131e+00,-1.793982502618203156e+01,-1.448486108012391860e+00
2.453665239953931376e+00,-1.815505161609940998e+01,-1.505268367380581340e+00
2.755453915773134810e+00,-1.835748446574250536e+01,-1.574503497133042274e+00
2.596566542936814326e+00,-1.855732622735582282e+01,-1.635610253176509099e+00
2.213867844136242269e+00,-1.878892850924374969e+01,-1.628954894616939209e+00
2.153385252935420713e+00,-1.900579742657334492e+01,-1.630226082200762816e+00
2.083370725576825233e+00,-1.923854162484498431e+01,-1.676719947565799229e+00
2.243080918257506884e+00,-1.948704424722030382e+01,-1.736878467446212992e+00
2.211283346186597942e+00,-1.972031269211334958e+01,-1.759106284467924386e+00
2.060345088724182094e+00,-1.996233672493412570e+01,-1.758083157766463289e+00
1.754153541313118625e+00,-2.020343908630693619e+01,-1.725973797191848735e+00
2.064379908934969254e+00,-2.041155078709785897e+01,-1.765779297512132917e+00
1.921368488982475364e+00,-2.059614048320280233e+01,-1.811667094229929775e+00
2.140392506854063903e+00,-2.077202095166095930e+01,-1.858147739081601690e+00
1.716172775266921802e+00,-2.095936147375396175e+01,-1.869266886383596837e+00
1.370536922686257819e+00,-2.114908530069657644e+01,-1.882070856294466799e+00
1.468762890743165794e+00,-2.132053489121168610e+01,-1.866077477432953602e+00
1.385627416315720506e+00,-2.151768134063925331e+01,-1.902968132722638428e+00
1.091572712250551636e+00,-2.172693897880706615e+01,-1.898932452649886082e+00
9.830146032417628188e-01,-2.194146804831729369e+01,-1.906385051773804795e+00
7.229196550642800201e-01,-2.215454090321986769e+01,-1.883962418643866155e+00
9.142300364488341602e-01,-2.237879149552341929e+01,-1.885000278779126459e+00
9.495691431021190398e-01,-2.259864049070467473e+01,-1.861675292603124143e+00
9.755825878027823972e-01,-2.281076024044998007e+01,-1.892225970778598443e+00
9.193912920044202686e-01,-2.300652309666676132e+01,-1.908650216035832736e+00
8.378606069490293073e-01,-2.319106079216081895e+01,-1.906424864743790915e+00
7.162280421854627654e-01,-2.335846368688836705e+01,-1.893416401333740673e+00
4.714002849745497770e-01,-2.354845386872858981e+01,-1.863250613843440373e+00
3.201582840298650701e-01,-2.371624690948981851e+01,-1.824003932888218937e+00
4.617328155152253255e-01,-2.395799782370156805e+01,-1.803069779701903963e+00
5.431660600098034974e-01,-2.416241583320873332e+01,-1.793863430729401909e+00
5.302214964808437125e-01,-2.438155748913063192e+01,-1.794057975495623847e+00
4.725430837479104862e-01,-2.458926067056784248e+01,-1.796665474118394723e+00
4.637162481001676495e-01,-2.485624173530027647e+01,-1.754010048703306124e+00
4.176291901784546234e-01,-2.502147715731523192e+01,-1.733327941593436394e+00
6.731386504521071901e-01,-2.525769735717455688e+01,-1.836856916794229688e+00
7.209279172400888669e-01,-2.544575664776060364e+01,-1.868908535547566085e+00
7.864448716833551956e-01,-2.568625282276554600e+01,-1.827484437197535394e+00
6.721016356441815720e-01,-2.588222074447630661e+01,-1.760882496879370596e+00
5.894663665666691754e-01,-2.608592345764461129e+01,-1.730887173471239215e+00
6.826792199972838704e-01,-2.626464722687169839e+01,-1.761172607106681109e+00
8.102983710208279122e-01,-2.634354494124168156e+01,-1.751774915466216331e+00
8.295836491759507325e-01,-2.656822321263895859e+01,-1.691882873854033242e+00
7.237950289032112350e-01,-2.674356786001606778e+01,-1.625491795832306741e+00
8.660232304464189346e-01,-2.699233016144714625e+01,-1.650819976416581181e+00
8.189643718053846166e-01,-2.716706316634674323e+01,-1.615595240264474874e+00
8.561114444234223519e-01,-2.738650626085729201e+01,-1.647777761043724531e+00
6.316474351980793100e-01,-2.756010995269361885e+01,-1.567780517092170367e+00
6.691381451987196138e-01,-2.772754326920014734e+01,-1.522269335224065268e+00
9.962808958806826931e-01,-2.779008868602869242e+01,-1.586075541535993949e+00
9.379373312208876268e-01,-2.800918397870532672e+01,-1.566592739945411594e+00
1.043201035577880020e+00,-2.825418132490811729e+01,-1.624560892232828069e+00
7.301698366375084515e-01,-2.852322865984798739e+01,-1.581746389336352809e+00
7.845227144285206178e-01,-2.876402864596423470e+01,-1.543568858465686588e+00
7.068273990319029476e-01,-2.899458620248645957e+01,-1.517541314910024530e+00
9.314773655371513250e-01,-2.927150814322511607e+01,-1.551919186713224263e+00
8.019659252865554144e-01,-2.944288362389634628e+01,-1.542728352700070360e+00
2.780953292760219298e-01,-2.964712566161020035e+01,-1.561974562039379233e+00
5.974728915878645408e-01,-2.984674471487888781e+01,-1.605296227077417814e+00
4.218747666495830662e-01,-2.988620652684100421e+01,-1.594610312474485925e+00
4.052714934829694249e-01,-3.011453751910070764e+01,-1.532599592277680944e+00
4.279611351152735610e-01,-3.023760417088857722e+01,-1.504404787210328776e+00
4.898487970568677352e-01,-3.034391355411759506e+01,-1.546663699676995352e+00
3.977223353556095797e-01,-3.051259461679570961e+01,-1.520764568765508029e+00
7.041304659608303707e-02,-3.057866235000844668e+01,-1.472467488908717703e+00
2.418622127751809611e-02,-3.073525602916492616e+01,-1.430319582555695579e+00
-2.225606986965085465e-01,-3.087026780882388621e+01,-1.398834714307929383e+00
-1.490297825848011792e-01,-3.106226756391942700e+01,-1.389387140496939343e+00
-2.472178429647749753e-01,-3.126292946478004708e+01,-1.420823429740883048e+00
-5.438883010983163180e-01,-3.131064801219516625e+01,-1.417512890468240139e+00
-5.666764969413577990e-01,-3.148597953233833380e+01,-1.406611099846989177e+00
-7.089398646349629463e-01,-3.162068330988389420e+01,-1.398722454476971189e+00
-8.063516395903169709e-01,-3.173618364926963409e+01,-1.417183538922360153e+00
-8.951912633334982994e-01,-3.184562457057363716e+01,-1.435114751409872991e+00
-9.477296625691367105e-01,-3.193918428923429076e+01,-1.467956097494541146e+00
-1.168699145894651403e+00,-3.208451134496960577e+01,-1.507567652113767975e+00
-1.341720102580270746e+00,-3.219470493112148546e+01,-1.525269061758218081e+00
-1.522037582009645007e+00,-3.229733994742404946e+01,-1.524546562925887416e+00
-1.508797309264103825e+00,-3.243479707742499585e+01,-1.507839905855693274e+00
-1.426019472696207213e+00,-3.254578846505673084e+01,-1.494293594765381927e+00
-1.478033944322593829e+00,-3.263395089555726969e+01,-1.522039790227786016e+00
-1.564787024320471787e+00,-3.265757108088693172e+01,-1.547859064464964352e+00
-1.586122401189465903e+00,-3.266365331606655076e+01,-1.549564207367989166e+00
-1.708771757948774450e+00,-3.270437969833005809e+01,-1.507335846387432898e+00
-1.933475284950802786e+00,-3.272598583362275093e+01,-1.511860173851591771e+00
-2.086135506580993670e+00,-3.276886823642234958e+01,-1.508973211217812249e+00
-2.174887444111428536e+00,-3.279517452051443627e+01,-1.526325484045705672e+00
-2.081272311082964066e+00,-3.282019078128177370e+01,-1.529047469983615626e+00
-2.149436876750967063e+00,-3.283406649158970225e+01,-1.526015834851069286e+00
-2.216017068172875248e+00,-3.289616024116384807e+01,-1.536311346691794588e+00
-2.412214340726263284e+00,-3.291613918999868815e+01,-1.541252096271669814e+00
-2.328327223132855117e+00,-3.290636774318084434e+01,-1.585144802595762181e+00
-2.344151651338294506e+00,-3.298154017917661207e+01,-1.594059251500000940e+00
-2.312959060713498438e+00,-3.300326969225479701e+01,-1.608733044963531311e+00
-2.274221113268178662e+00,-3.301629551621205394e+01,-1.638061634861300409e+00
-2.307070169482990707e+00,-3.306453321201650652e+01,-1.664554911922386360e+00
-2.364458441572911962e+00,-3.308183918423720371e+01,-1.616840263670673128e+00
-2.463750208263521202e+00,-3.310124954254590790e+01,-1.570621293664991480e+00
-2.687646150070590600e+00,-3.309953029948960079e+01,-1.542559756889670286e+00
-2.542165245938761586e+00,-3.304168737884590001e+01,-1.588850802190100442e+00
-2.509514822573531756e+00,-3.303469792576607489e+01,-1.626039413836383174e+00
-2.475563301731223742e+00,-3.302027090445353963e+01,-1.589161839527498676e+00
-2.433732042471912216e+00,-3.300205120294764072e+01,-1.527470305304574616e+00
-2.440148657587843495e+00,-3.296600516156939875e+01,-1.516313738602285355e+00
-2.464975826687119120e+00,-3.301238716004306184e+01,-1.598889291695581250e+00
-2.414967056589228278e+00,-3.304598816780332271e+01,-1.618797686424505056e+00
-2.338694834082230223e+00,-3.303891997220311794e+01,-1.634707257685686921e+00
-2.440573564208471158e+00,-3.306160434661163805e+01,-1.592052830989664214e+00
-2.458848596745367043e+00,-3.311085159966063429e+01,-1.539575198952007451e+00
-2.381241107463491602e+00,-3.319542275670153231e+01,-1.588205817202479553e+00
-2.470832582912246167e+00,-3.324263391821597224e+01,-1.615366992397137880e+00
-2.419753648397769741e+00,-3.324801470062354269e+01,-1.624239282682065078e+00
-2.528642600566303411e+00,-3.327775607998075458e+01,-1.565846635202713610e+00
-2.533290946100358543e+00,-3.326463635111745276e+01,-1.538080747371356027e+00
-2.492119264517873134e+00,-3.326953502705408283e+01,-1.532501625446977878e+00
-2.437944193047697272e+00,-3.324677698002256676e+01,-1.555939886770464353e+00
-2.558325055315719521e+00,-3.323780184625266543e+01,-1.533130572138359460e+00
-2.536942435753891001e+00,-3.321951032738330412e+01,-1.542491019831665033e+00
-2.496180074027709583e+00,-3.317114751700453468e+01,-1.552453310067569037e+00
-2.518391956588311054e+00,-3.315072635303330628e+01,-1.554115202953143093e+00
-2.467282392609587038e+00,-3.312291456626267205e+01,-1.544509766481154234e+00
-2.505099670503828868e+00,-3.311605882941437784e+01,-1.546494530457768635e+00
-2.397667668537120989e+00,-3.309276127221521335e+01,-1.566807321289213517e+00
-2.353144955903644586e+00,-3.306668195725334414e+01,-1.613590938714178247e+00
-2.352749570140763691e+00,-3.306816560748416123e+01,-1.638276293502628711e+00
-2.327428146762514416e+00,-3.311442353744612177e+01,-1.653878230612560785e+00
-2.424421892957956626e+00,-3.316892351937791261e+01,-1.635264322870083609e+00
-2.381262270863922392e+00,-3.319637626770892780e+01,-1.626336601183304920e+00
-2.397592702728314595e+00,-3.321186426002343239e+01,-1.624350581754562706e+00
-2.318132055125930346e+00,-3.323299226462500400e+01,-1.618619738859089496e+00
-2.357126667103036421e+00,-3.323839151559961635e+01,-1.613753000534464466e+00
-2.261812258610992554e+00,-3.323989271421933722e+01,-1.662230878949837454e+00
-2.242242318851148219e+00,-3.325889392095903929e+01,-1.695961448360329360e+00
-2.320135089958968333e+00,-3.326353054719201907e+01,-1.635431459581348834e+00
-2.267291881938783060e+00,-3.327815206516250868e+01,-1.580109103366212908e+00
-2.265080912411039815e+00,-3.326374142645303777e+01,-1.571167386322921189e+00
-2.123554919943573260e+00,-3.325992477617970167e+01,-1.636419722542891808e+00
-2.111179938688023228e+00,-3.324167778138679097e+01,-1.666338576058516097e+00
-2.125892089935410567e+00,-3.322292364052000835e+01,-1.638713325132124865e+00
-2.240331954879719589e+00,-3.325773367370685207e+01,-1.562370250534395266e+00
-2.222432557205039849e+00,-3.330320048999431748e+01,-1.553001789387996157e+00
-2.161452184210697069e+00,-3.326287385226657989e+01,-1.641480601038980858e+00
-2.132119644558403415e+00,-3.326577151235457563e+01,-1.701712169243041251e+00
-2.063247387109265585e+00,-3.327139825974819587e+01,-1.700354797137052287e+00
-2.204888514706106140e+00,-3.326921204450075464e+01,-1.637408995966486369e+00
-2.249380704545881127e+00,-3.322848800333191122e+01,-1.591544012594540147e+00
-2.273731102172865892e+00,-3.322321300846078174e+01,-1.596726075698202907e+00
-2.261166653917081604e+00,-3.323705310798628432e+01,-1.614151249159538892e+00
-2.332271952704776385e+00,-3.328557795919702045e+01,-1.599474894897071842e+00
-2.340156210640363721e+00,-3.330687178914655533e+01,-1.589933115513705753e+00
-2.367497746044220364e+00,-3.335435397424726744e+01,-1.567356136583482273e+00
-2.314393211940119155e+00,-3.335453496530517725e+01,-1.572443755978638835e+00
-2.314711371754733626e+00,-3.333613533343772417e+01,-1.611943377198454153e+00
-2.315221935703492218e+00,-3.330568936977693539e+01,-1.603070322277169169e+00
-2.304773787272947683e+00,-3.325728157124555651e+01,-1.626660257241795193e+00
-2.154292614161307462e+00,-3.325177377399883483e+01,-1.699107604066407262e+00
-2.319736656615114967e+00,-3.322726892645554386e+01,-1.715270606981760704e+00
-2.458262700291049541e+00,-3.322777974876894547e+01,-1.708795158236034561e+00
-2.441173851210242773e+00,-3.324746913578393759e+01,-1.677515728560471375e+00
-2.364556630822553185e+00,-3.330602720316464627e+01,-1.645354592521006021e+00
-2.366108520876990529e+00,-3.334602591579978537e+01,-1.668268671939413972e+00
-2.254003875349595898e+00,-3.339329657360447356e+01,-1.685790357402140449e+00
-2.405317293193487416e+00,-3.340701631361849877e+01,-1.630904197118285603e+00
-2.363026859512363131e+00,-3.343294670317298767e+01,-1.579022692438780018e+00
-2.270321529053540122e+00,-3.345987107492359058e+01,-1.604478095849581232e+00
-2.327105350638914327e+00,-3.350474939255778395e+01,-1.678887550382742067e+00
-2.251245640634832235e+00,-3.352824716559986484e+01,-1.712385707505555743e+00
-2.252704824423630736e+00,-3.350512780506746680e+01,-1.649000934641515759e+00
-2.312087331860773975e+00,-3.345955667014874990e+01,-1.581596724117548591e+00
-2.277078083620337701e+00,-3.346541896780921377e+01,-1.551114515829476348e+00
-2.169155177235337018e+00,-3.344350480467856812e+01,-1.611752688540101230e+00
-2.085597276851232085e+00,-3.338206252073997859e+01,-1.631576034397053121e+00
-2.256899595749525478e+00,-3.337809632232796275e+01,-1.609169398675560414e+00
-2.169383379184457450e+00,-3.346086548075964373e+01,-1.597237968978924005e+00
-2.266722968042290454e+00,-3.346313598813101464e+01,-1.611354389657506880e+00
-2.129823914428637277e+00,-3.349528803824978951e+01,-1.624488104428501334e+00
-1.951661318127675182e+00,-3.353315572953498958e+01,-1.622951580434552010e+00
-2.000605138557954632e+00,-3.355366763553166720e+01,-1.642158195866946668e+00
-1.898983070363884806e+00,-3.357632539223522627e+01,-1.676978501426273471e+00
-1.846864122743604675e+00,-3.359832377081573895e+01,-1.725579320549131879e+00
-1.902241995252749618e+00,-3.358644510665534000e+01,-1.691907559070717770e+00
-1.999925209446338892e+00,-3.359032682910653023e+01,-1.618829058065615500e+00
-1.840250498138791269e+00,-3.351555140935476373e+01,-1.575636346330272941e+00
-1.773851369456450611e+00,-3.350730830649307990e+01,-1.560202360386125919e+00
-1.839724248432521136e+00,-3.345940597443713216e+01,-1.559153354876187336e+00
-1.947666861557529883e+00,-3.342121712178057891e+01,-1.508756659470242179e+00
-1.946478625707179777e+00,-3.338455667541161631e+01,-1.412856932960878886e+00
-1.979869484672071467e+00,-3.331634585678156668e+01,-1.350007864700686122e+00
-2.096350577841636920e+00,-3.329145847834864469e+01,-1.380493524316411369e+00
-2.160440632308707976e+00,-3.328584003916184031e+01,-1.458440104372862312e+00
-2.338952113236996588e+00,-3.332916645541816081e+01,-1.467535970824893843e+00
-2.461748874804135401e+00,-3.329115615676615647e+01,-1.483842849049207935e+00
-2.380455502042599480e+00,-3.331847271771779617e+01,-1.480478059662015733e+00
-2.671047195556286891e+00,-3.334210767165546940e+01,-1.572702648922842616e+00
-2.715007762970499172e+00,-3.340162636049361566e+01,-1.576396265732915580e+00
-2.792485158862847427e+00,-3.344557460672209004e+01,-1.564912900289658015e+00
-3.008851831511174524e+00,-3.350923538341988461e+01,-1.527539131445954990e+00
-3.075188941924596797e+00,-3.350579645614275393e+01,-1.484979054763079453e+00
-3.118935132179907033e+00,-3.352359612173826520e+01,-1.459445148753337751e+00
-3.261139566700427483e+00,-3.352914205558886351e+01,-1.453180569036246705e+00
-3.193029934285693816e+00,-3.352460857251035975e+01,-1.400386666580006212e+00
-3.240988884076049903e+00,-3.349967282456859152e+01,-1.389744341262613814e+00
-3.252575736704474973e+00,-3.349257782042062104e+01,-1.420562855729302632e+00
-3.355010406883827567e+00,-3.346605460523807096e+01,-1.451260356104477900e+00
-3.269562279501946112e+00,-3.344610507437894853e+01,-1.429587357626880939e+00
-3.303816024850229294e+00,-3.333755917574983840e+01,-1.364183270694665939e+00
-3.386729554439543932e+00,-3.333554914894973820e+01,-1.324012214155148914e+00
-3.379314802566657505e+00,-3.325544910103291585e+01,-1.316529499047643714e+00
-3.399954193795916346e+00,-3.317598144068666244e+01,-1.377148687882131517e+00
-3.493194726541541062e+00,-3.316218465844384156e+01,-1.363849879090463624e+00
-3.637267791983418430e+00,-3.310528547122770249e+01,-1.324308323879163307e+00
-3.567009612847871214e+00,-3.309382306548631902e+01,-1.287724202186154798e+00
-3.575569173271077261e+00,-3.307701119632081799e+01,-1.334625317394996680e+00
-3.580371325535933735e+00,-3.301375177850461284e+01,-1.363345663792528306e+00
-3.750324201123074630e+00,-3.297807649250203355e+01,-1.390766386302650259e+00
-4.053666481796591725e+00,-3.294005633224013252e+01,-1.373890556658835305e+00
-4.094679463033023659e+00,-3.287645692704454348e+01,-1.374404168198600118e+00
-4.172863834321116627e+00,-3.276631755494304343e+01,-1.404116047899578223e+00
-4.227114792730416681e+00,-3.271253598192743794e+01,-1.386476249616791057e+00
-4.382703764219552767e+00,-3.266984875243652908e+01,-1.401262696202799196e+00
-4.169965242456087573e+00,-3.259517148729062797e+01,-1.421225014838485956e+00
-4.317634490244739887e+00,-3.247626972737610629e+01,-1.429865754649692899e+00
-4.338273285460411799e+00,-3.239002591161790434e+01,-1.453411985082806002e+00
-4.460317647934902041e+00,-3.229636372331506067e+01,-1.437907256813633738e+00
-4.684294365927716974e+00,-3.220413286345232251e+01,-1.380559654490409960e+00
-4.743906637624272449e+00,-3.214358998430234493e+01,-1.381427220175505566e+00
-4.918367018459296247e+00,-3.203743834276434654e+01,-1.446694451093984535e+00
-5.000559383673921054e+00,-3.198153036392575999e+01,-1.497399162381505944e+00
-4.953145595253876543e+00,-3.189044253565874598e+01,-1.533595697097724475e+00
-5.126059975735606677e+00,-3.174005233975070439e+01,-1.496680191952502348e+00
-5.077713767823823332e+00,-3.163123288260868549e+01,-1.447595771456048341e+00
-5.031663358782566320e+00,-3.154129099223423083e+01,-1.422041009931053646e+00
-5.005965771195098668e+00,-3.140430421473853428e+01,-1.489933332382919362e+00
-5.057594634418946633e+00,-3.123046054417322992e+01,-1.531871100343066505e+00
-5.190459758364930565e+00,-3.112944182932319492e+01,-1.534309791975650761e+00
-5.349678831103942045e+00,-3.100624885871811642e+01,-1.529720386983951297e+00
-5.179338669013725749e+00,-3.091971713384033293e+01,-1.453225725351838138e+00
-5.489413077541501984e+00,-3.071328784046825788e+01,-1.521165854690188501e+00
-5.346297172845290824e+00,-3.062080206528553461e+01,-1.594721923788662954e+00
-5.188666107098494074e+00,-3.047811462339782551e+01,-1.563384765852952274e+00
-5.326569044438951295e+00,-3.036703456638449694e+01,-1.568211897326793114e+00
-4.927398596828954425e+00,-3.018121641481097583e+01,-1.549899893970057008e+00
-5.367976352733066392e+00,-3.005978755563114646e+01,-1.588331680708943372e+00
-5.365835595909320688e+00,-2.988584261932355446e+01,-1.565921769524543983e+00
-5.509430678700399930e+00,-2.973065284504535555e+01,-1.577493803467633349e+00
-5.435986663666510843e+00,-2.954537889826411146e+01,-1.542385673332035356e+00
-5.560982341806459672e+00,-2.942867080610362862e+01,-1.552744023718500621e+00
-5.248069347117424677e+00,-2.926101649537353921e+01,-1.561876780610097271e+00
-5.240697838199968039e+00,-2.908918171583009027e+01,-1.545916635883131551e+00
-5.314541016244097804e+00,-2.898992738237970102e+01,-1.517545879048920687e+00
-5.243586209860729319e+00,-2.881645010468778878e+01,-1.515333811198669167e+00
-5.415255933903396546e+00,-2.865838609316978491e+01,-1.575182025589975554e+00
-5.077175870096124477e+00,-2.860445393422525839e+01,-1.576884595096867070e+00
-4.904221933804347344e+00,-2.853956399268664512e+01,-1.557537507873725913e+00
-4.842638849510390031e+00,-2.831663002041875643e+01,-1.552791517038390801e+00
-4.915823790328295750e+00,-2.818254563759956710e+01,-1.462967681002926179e+00
-4.766794447951531843e+00,-2.801997348855447711e+01,-1.442664210615951292e+00
-4.637618407871003434e+00,-2.784517821615044753e+01,-1.410780152289764056e+00
-4.353406267712601085e+00,-2.780306531051331120e+01,-1.409189628571634545e+00
-4.485408049140462872e+00,-2.760951821919227811e+01,-1.364933611607446196e+00
-4.367140955704357452e+00,-2.744759133361408132e+01,-1.312327280292713949e+00
-4.208931305666309797e+00,-2.728070399587996420e+01,-1.246356020278935883e+00
-3.741819995704574797e+00,-2.714207818819503970e+01,-1.287278305440000326e+00
-3.515691106554380774e+00,-2.698057291309980599e+01,-1.358955300463153826e+00
-3.537010412282660443e+00,-2.685065981103124599e+01,-1.350516807916487094e+00
-3.554842710609369849e+00,-2.669870719393435365e+01,-1.271185346345472977e+00
-3.503828356749711492e+00,-2.655462979225005071e+01,-1.224167069786178397e+00
-3.539515497107898589e+00,-2.644425726975208946e+01,-1.268862706988647560e+00
-3.312451196809494736e+00,-2.632756746446708718e+01,-1.276134700044390557e+00
-3.242156893949646346e+00,-2.623838007122687088e+01,-1.275936857107614841e+00
-3.214024299834940646e+00,-2.611039957344584650e+01,-1.198200749422229539e+00
-3.370053136862144694e+00,-2.598970166987304609e+01,-1.133036719685059257e+00
-3.287408122844524438e+00,-2.581933803298598917e+01,-1.069837379380476960e+00
-3.044147864300007722e+00,-2.565340206603155693e+01,-1.024342917738865877e+00
-2.805085805517518516e+00,-2.551042152005997821e+01,-1.046939611362948108e+00
-2.564760842090711535e+00,-2.538626900720364077e+01,-9.797643294517556223e-01
-2.425415603136261922e+00,-2.525597618539472222e+01,-9.194399219612446883e-01
-2.433254951212976191e+00,-2.516163795873230313e+01,-8.698286770783771882e-01
-2.203220509846123942e+00,-2.505654704104254193e+01,-8.759086926630490488e-01
-2.148426718443398276e+00,-2.498136591189865285e+01,-8.783786084562983376e-01
-1.857080897138158271e+00,-2.489248156946266022e+01,-8.098224181238334873e-01
-1.930640228984144002e+00,-2.483247311963103243e+01,-7.290613908084466743e-01
-1.586595034069222976e+00,-2.477936455223485268e+01,-6.180556751260537496e-01
-1.414621969179723715e+00,-2.470608276569510053e+01,-5.922345845730188074e-01
-1.126368718741713959e+00,-2.467481048263926624e+01,-5.392386327825544612e-01
-9.234976395750160716e-01,-2.463614785199387214e+01,-4.808383163654383341e-01
-1.173191608005248687e+00,-2.454121560246301570e+01,-4.234297038833195748e-01
-7.255766940512663465e-01,-2.445668870531628158e+01,-2.880412002988728681e-01
-4.125652096697390858e-01,-2.443655697771767521e+01,-2.092715211273947773e-01
-3.795623330107806281e-01,-2.439106831154840549e+01,-1.529783549832409439e-01
1.001842887321965081e-01,-2.432648942128347258e+01,-6.379378899959707583e-02
2.946649965692343942e-01,-2.429966932706901162e+01,8.113260698765565118e-03
6.215268058444345378e-01,-2.422871917172633260e+01,9.706872099324977132e-02
5.303995240471109929e-01,-2.415577122912088015e+01,1.343293203588839524e-01
3.498455334620821922e-01,-2.407038266076054001e+01,1.810194219963995044e-01
7.930016103803161354e-01,-2.397754208208814219e+01,2.548941672746511400e-01
8.941711194366124271e-01,-2.390902472632879139e+01,3.217318764159227129e-01
7.801630770644711887e-01,-2.381723209248989903e+01,3.924428040376297111e-01
9.544392650757282937e-01,-2.373898144518372888e+01,4.598857011470361966e-01
7.381887576675765228e-01,-2.365865635835776004e+01,5.078202360851052921e-01
1.206348060974494762e+00,-2.353164540279428962e+01,5.506500932378585178e-01
1.105262102612340369e+00,-2.343330929952982800e+01,5.950841741855049660e-01
1.196094161755243190e+00,-2.333223185926475196e+01,6.286335231523867417e-01
1.311936594311301940e+00,-2.319482968497044340e+01,6.753586591300348996e-01
1.155149298401703328e+00,-2.311974207616605170e+01,6.902483964493858482e-01
1.178788513480046873e+00,-2.303231150502026026e+01,7.280903939845320139e-01
1.143932179363119195e+00,-2.293834130284069062e+01,7.716564445903271174e-01
1.307274082998900466e+00,-2.281665025307770733e+01,8.379154727725137697e-01
1.556246685305444188e+00,-2.270670098531915215e+01,8.870966778134479203e-01
1.450300325314164862e+00,-2.257955467403795780e+01,9.172148439041329926e-01
1.515343521248500913e+00,-2.247342999814726383e+01,9.484190735326367694e-01
1.406616940191540266e+00,-2.235564368694072357e+01,9.437407356582880880e-01
1.507720520680660536e+00,-2.225192159893916255e+01,9.978222218872144778e-01
1.318426452333226750e+00,-2.213846720848965077e+01,1.049649951664840097e+00
1.387899661415460839e+00,-2.203782586101775820e+01,1.080982931739589148e+00
1.517713784283015732e+00,-2.188549431723536287e+01,1.085832124250617259e+00
1.628028727338441506e+00,-2.175027571358800316e+01,1.078245631383530023e+00
1.668092835138576646e+00,-2.162801086783544946e+01,1.121261668777369325e+00
1.745589378158724836e+00,-2.148579856108268160e+01,1.168453189825687577e+00
1.740872135507250729e+00,-2.135569121328526521e+01,1.161067785202574365e+00
1.898891632621075853e+00,-2.122347975489828542e+01,1.194783966501831829e+00
1.703220294862246353e+00,-2.108508107354752781e+01,1.220534210280629583e+00
1.704111153026329539e+00,-2.096497115895681418e+01,1.283060985329156356e+00
1.892796061764009385e+00,-2.080847911161438546e+01,1.328100653902299255e+00
1.888872782695773855e+00,-2.068399538777719116e+01,1.333305628218178773e+00
2.123976533675157263e+00,-2.053719886562982211e+01,1.353831977097800454e+00
2.225569182128067869e+00,-2.038942897736708204e+01,1.389948934563087102e+00
2.237687279652736727e+00,-2.022881833438330190e+01,1.447367001246851803e+00
2.489390810581966651e+00,-2.006446209181027029e+01,1.455942508507928501e+00
2.438503132932977380e+00,-1.990210729686997837e+01,1.450332080476752328e+00
2.650338384621812260e+00,-1.977056629212311023e+01,1.466914419387894020e+00
2.898809134379331631e+00,-1.960438100058758693e+01,1.482099022675794409e+00
2.962103229610015376e+00,-1.940274338074179283e+01,1.510460191607211122e+00
2.961905157293471813e+00,-1.922034534941336048e+01,1.501265313405415691e+00
3.325207070530137532e+00,-1.900255228859003509e+01,1.533731812585972243e+00
3.309978924868103967e+00,-1.878939704961070944e+01,1.623939574668483488e+00
3.365301808716002707e+00,-1.856585848231653557e+01,1.710285941060431192e+00
3.538181380955243593e+00,-1.835246145229464787e+01,1.745125865714260760e+00
3.345706605549640944e+00,-1.809340692691803554e+01,1.773622258652796102e+00
3.388312823287899178e+00,-1.789828488474997314e+01,1.808360685233384446e+00
3.336136947122549490e+00,-1.763309814440573930e+01,1.852534328822191378e+00
